Requirement,Class,Similarity,Associated
13.txt,147.txt,0.2076,0.0
13.txt,153.txt,0.2626,0.0
13.txt,116.txt,0.1766,0.0
13.txt,134.txt,0.3384,0.0
13.txt,159.txt,0.1965,0.0
13.txt,145.txt,0.166,0.0
13.txt,146.txt,0.2626,0.0
13.txt,158.txt,0.2025,0.0
13.txt,132.txt,0.2186,0.0
13.txt,140.txt,0.6882,1.0
13.txt,154.txt,0.1376,0.0
13.txt,141.txt,1.0,1.0
13.txt,120.txt,0.3701,0.0
13.txt,142.txt,0.3574,0.0
13.txt,152.txt,0.3691,0.0
13.txt,124.txt,0.2626,0.0
13.txt,148.txt,0.2942,0.0
13.txt,123.txt,0.2201,0.0
13.txt,117.txt,0.1689,0.0
13.txt,122.txt,0.2508,0.0
13.txt,138.txt,0.2553,0.0
13.txt,155.txt,0.5181,1.0
13.txt,150.txt,0.5954,1.0
13.txt,118.txt,0.3643,1.0
13.txt,156.txt,1.0,1.0
13.txt,136.txt,0.1766,0.0
13.txt,149.txt,1.0,1.0
13.txt,114.txt,0.2434,0.0
5.txt,147.txt,0.382,1.0
5.txt,153.txt,1.0,1.0
5.txt,116.txt,0.4007,0.0
5.txt,134.txt,0.3639,0.0
5.txt,159.txt,0.279,0.0
5.txt,145.txt,0.3765,0.0
5.txt,146.txt,1.0,1.0
5.txt,158.txt,0.3727,1.0
5.txt,132.txt,0.2559,0.0
5.txt,140.txt,0.211,0.0
5.txt,154.txt,0.3,0.0
5.txt,141.txt,0.3066,0.0
5.txt,120.txt,0.4183,0.0
5.txt,142.txt,0.404,0.0
5.txt,152.txt,0.4173,0.0
5.txt,124.txt,1.0,1.0
5.txt,148.txt,0.2735,0.0
5.txt,123.txt,0.405,1.0
5.txt,117.txt,0.2676,0.0
5.txt,122.txt,0.8571,1.0
5.txt,138.txt,0.1806,0.0
5.txt,155.txt,0.2082,0.0
5.txt,150.txt,0.2082,0.0
5.txt,118.txt,0.2314,0.0
5.txt,156.txt,0.3066,0.0
5.txt,136.txt,0.4007,0.0
5.txt,149.txt,0.3066,0.0
5.txt,114.txt,0.2751,0.0
27.txt,147.txt,0.1606,0.0
27.txt,153.txt,0.3011,0.0
27.txt,116.txt,0.3233,0.0
27.txt,134.txt,0.6139,0.0
27.txt,159.txt,0.3369,0.0
27.txt,145.txt,0.3329,0.0
27.txt,146.txt,0.2687,0.0
27.txt,158.txt,0.0804,0.0
27.txt,132.txt,0.2357,0.0
27.txt,140.txt,1.0,1.0
27.txt,154.txt,0.3471,0.0
27.txt,141.txt,1.0,1.0
27.txt,120.txt,0.1773,0.0
27.txt,142.txt,0.1924,0.0
27.txt,152.txt,0.1924,0.0
27.txt,124.txt,0.3123,0.0
27.txt,148.txt,0.5752,0.0
27.txt,123.txt,0.2774,0.0
27.txt,117.txt,0.3757,0.0
27.txt,122.txt,0.1851,0.0
27.txt,138.txt,0.4531,0.0
27.txt,155.txt,1.0,1.0
27.txt,150.txt,1.0,1.0
27.txt,118.txt,1.0,1.0
27.txt,156.txt,0.7349,1.0
27.txt,136.txt,0.2232,0.0
27.txt,149.txt,0.7349,1.0
27.txt,114.txt,0.2473,0.0
4.txt,147.txt,1.0,1.0
4.txt,153.txt,1.0,1.0
4.txt,116.txt,0.5415,0.0
4.txt,134.txt,0.6805,0.0
4.txt,159.txt,0.5217,0.0
4.txt,145.txt,0.5089,0.0
4.txt,146.txt,1.0,1.0
4.txt,158.txt,1.0,1.0
4.txt,132.txt,0.4748,0.0
4.txt,140.txt,0.4136,0.0
4.txt,154.txt,0.4436,0.0
4.txt,141.txt,0.601,0.0
4.txt,120.txt,0.7376,0.0
4.txt,142.txt,0.7124,0.0
4.txt,152.txt,0.7358,0.0
4.txt,124.txt,1.0,1.0
4.txt,148.txt,0.5115,0.0
4.txt,123.txt,0.9606,1.0
4.txt,117.txt,0.5005,0.0
4.txt,122.txt,0.9717,1.0
4.txt,138.txt,0.3377,0.0
4.txt,155.txt,0.4069,0.0
4.txt,150.txt,0.4069,0.0
4.txt,118.txt,0.4197,0.0
4.txt,156.txt,0.601,0.0
4.txt,136.txt,0.5415,0.0
4.txt,149.txt,0.601,0.0
4.txt,114.txt,0.4852,0.0
15.txt,147.txt,0.1709,0.0
15.txt,153.txt,0.2248,0.0
15.txt,116.txt,0.5483,1.0
15.txt,134.txt,1.0,1.0
15.txt,159.txt,0.9815,1.0
15.txt,145.txt,0.6847,1.0
15.txt,146.txt,0.2995,0.0
15.txt,158.txt,0.153,0.0
15.txt,132.txt,0.5022,1.0
15.txt,140.txt,0.2963,0.0
15.txt,154.txt,0.6283,1.0
15.txt,141.txt,0.2198,0.0
15.txt,120.txt,0.3493,0.0
15.txt,142.txt,0.379,0.0
15.txt,152.txt,0.379,0.0
15.txt,124.txt,0.0927,0.0
15.txt,148.txt,0.9815,1.0
15.txt,123.txt,0.1663,0.0
15.txt,117.txt,0.7786,1.0
15.txt,122.txt,0.4988,0.0
15.txt,138.txt,1.0,1.0
15.txt,155.txt,0.3342,0.0
15.txt,150.txt,0.4485,0.0
15.txt,118.txt,0.5265,0.0
15.txt,156.txt,0.1918,0.0
15.txt,136.txt,0.7068,1.0
15.txt,149.txt,0.4619,0.0
15.txt,114.txt,0.5859,1.0
9.txt,147.txt,0.2565,0.0
9.txt,153.txt,0.2131,0.0
9.txt,116.txt,0.4056,0.0
9.txt,134.txt,0.6139,0.0
9.txt,159.txt,0.3369,0.0
9.txt,145.txt,0.4167,0.0
9.txt,146.txt,0.2687,0.0
9.txt,158.txt,0.2502,0.0
9.txt,132.txt,0.2731,0.0
9.txt,140.txt,1.0,1.0
9.txt,154.txt,0.4354,0.0
9.txt,141.txt,1.0,1.0
9.txt,120.txt,0.2451,0.0
9.txt,142.txt,0.2525,0.0
9.txt,152.txt,0.2525,0.0
9.txt,124.txt,0.221,0.0
9.txt,148.txt,0.4176,0.0
9.txt,123.txt,0.2719,0.0
9.txt,117.txt,0.3043,0.0
9.txt,122.txt,0.2719,0.0
9.txt,138.txt,0.3207,0.0
9.txt,155.txt,1.0,1.0
9.txt,150.txt,1.0,1.0
9.txt,118.txt,1.0,1.0
9.txt,156.txt,1.0,1.0
9.txt,136.txt,0.3573,0.0
9.txt,149.txt,1.0,1.0
9.txt,114.txt,0.2424,0.0
30.txt,147.txt,0.146,0.0
30.txt,153.txt,0.2183,0.0
30.txt,116.txt,0.4532,1.0
30.txt,134.txt,1.0,1.0
30.txt,159.txt,1.0,1.0
30.txt,145.txt,0.566,1.0
30.txt,146.txt,0.2476,0.0
30.txt,158.txt,0.1105,0.0
30.txt,132.txt,0.433,1.0
30.txt,140.txt,0.6968,0.0
30.txt,154.txt,0.5679,1.0
30.txt,141.txt,0.6903,0.0
30.txt,120.txt,0.4058,0.0
30.txt,142.txt,0.4403,0.0
30.txt,152.txt,0.4403,0.0
30.txt,124.txt,0.2264,0.0
30.txt,148.txt,1.0,1.0
30.txt,123.txt,0.2011,0.0
30.txt,117.txt,1.0,1.0
30.txt,122.txt,0.4123,0.0
30.txt,138.txt,0.7299,1.0
30.txt,155.txt,0.6903,0.0
30.txt,150.txt,0.6903,0.0
30.txt,118.txt,0.6903,0.0
30.txt,156.txt,0.5875,0.0
30.txt,136.txt,0.5843,1.0
30.txt,149.txt,0.5875,0.0
30.txt,114.txt,0.4843,1.0
11.txt,147.txt,0.2332,0.0
11.txt,153.txt,0.1856,0.0
11.txt,116.txt,0.4239,0.0
11.txt,134.txt,0.4328,0.0
11.txt,159.txt,0.3318,0.0
11.txt,145.txt,0.3984,0.0
11.txt,146.txt,0.2177,0.0
11.txt,158.txt,0.2332,0.0
11.txt,132.txt,0.3139,0.0
11.txt,140.txt,0.6882,1.0
11.txt,154.txt,0.3648,0.0
11.txt,141.txt,1.0,1.0
11.txt,120.txt,0.406,0.0
11.txt,142.txt,0.4406,0.0
11.txt,152.txt,0.4406,0.0
11.txt,124.txt,0.1856,0.0
11.txt,148.txt,0.3253,0.0
11.txt,123.txt,0.224,0.0
11.txt,117.txt,0.3183,0.0
11.txt,122.txt,0.2508,0.0
11.txt,138.txt,0.2148,0.0
11.txt,155.txt,0.5181,1.0
11.txt,150.txt,0.5954,1.0
11.txt,118.txt,0.5155,1.0
11.txt,156.txt,1.0,1.0
11.txt,136.txt,0.4239,0.0
11.txt,149.txt,1.0,1.0
11.txt,114.txt,0.366,0.0
21.txt,147.txt,0.1671,0.0
21.txt,153.txt,0.3133,0.0
21.txt,116.txt,0.5133,0.0
21.txt,134.txt,0.4834,0.0
21.txt,159.txt,0.3315,0.0
21.txt,145.txt,0.5273,0.0
21.txt,146.txt,0.3289,0.0
21.txt,158.txt,0.0883,0.0
21.txt,132.txt,0.3809,0.0
21.txt,140.txt,1.0,1.0
21.txt,154.txt,0.551,0.0
21.txt,141.txt,0.7875,1.0
21.txt,120.txt,0.189,0.0
21.txt,142.txt,0.1756,0.0
21.txt,152.txt,0.1176,0.0
21.txt,124.txt,0.3249,0.0
21.txt,148.txt,0.5985,0.0
21.txt,123.txt,0.2886,0.0
21.txt,117.txt,0.4374,0.0
21.txt,122.txt,0.1709,0.0
21.txt,138.txt,0.4715,0.0
21.txt,155.txt,0.8156,1.0
21.txt,150.txt,0.8945,1.0
21.txt,118.txt,0.9091,1.0
21.txt,156.txt,0.7786,1.0
21.txt,136.txt,0.4039,0.0
21.txt,149.txt,0.7786,1.0
21.txt,114.txt,0.3531,0.0
8.txt,147.txt,0.1503,0.0
8.txt,153.txt,0.2036,0.0
8.txt,116.txt,0.3916,0.0
8.txt,134.txt,0.6139,0.0
8.txt,159.txt,0.3384,0.0
8.txt,145.txt,0.4023,0.0
8.txt,146.txt,0.2687,0.0
8.txt,158.txt,0.1392,0.0
8.txt,132.txt,0.2637,0.0
8.txt,140.txt,1.0,1.0
8.txt,154.txt,0.4203,0.0
8.txt,141.txt,1.0,1.0
8.txt,120.txt,0.2729,0.0
8.txt,142.txt,0.2866,0.0
8.txt,152.txt,0.2866,0.0
8.txt,124.txt,0.2111,0.0
8.txt,148.txt,0.4176,0.0
8.txt,123.txt,0.1876,0.0
8.txt,117.txt,0.3246,0.0
8.txt,122.txt,0.2253,0.0
8.txt,138.txt,0.3064,0.0
8.txt,155.txt,1.0,1.0
8.txt,150.txt,1.0,1.0
8.txt,118.txt,1.0,1.0
8.txt,156.txt,0.8982,1.0
8.txt,136.txt,0.3119,0.0
8.txt,149.txt,0.8982,1.0
8.txt,114.txt,0.2586,0.0
10.txt,147.txt,0.1503,0.0
10.txt,153.txt,0.2365,0.0
10.txt,116.txt,0.2898,0.0
10.txt,134.txt,0.6139,0.0
10.txt,159.txt,0.3369,0.0
10.txt,145.txt,0.2977,0.0
10.txt,146.txt,0.2687,0.0
10.txt,158.txt,0.1244,0.0
10.txt,132.txt,0.1951,0.0
10.txt,140.txt,1.0,1.0
10.txt,154.txt,0.311,0.0
10.txt,141.txt,1.0,1.0
10.txt,120.txt,0.2846,0.0
10.txt,142.txt,0.2749,0.0
10.txt,152.txt,0.2839,0.0
10.txt,124.txt,0.2453,0.0
10.txt,148.txt,0.4518,0.0
10.txt,123.txt,0.2179,0.0
10.txt,117.txt,0.2952,0.0
10.txt,122.txt,0.1867,0.0
10.txt,138.txt,0.356,0.0
10.txt,155.txt,1.0,1.0
10.txt,150.txt,1.0,1.0
10.txt,118.txt,1.0,1.0
10.txt,156.txt,0.7443,1.0
10.txt,136.txt,0.2191,0.0
10.txt,149.txt,0.7443,1.0
10.txt,114.txt,0.2054,0.0
17.txt,147.txt,0.2069,0.0
17.txt,153.txt,0.2698,0.0
17.txt,116.txt,1.0,1.0
17.txt,134.txt,0.6673,1.0
17.txt,159.txt,0.5116,1.0
17.txt,145.txt,0.8963,1.0
17.txt,146.txt,0.3986,0.0
17.txt,158.txt,0.2018,0.0
17.txt,132.txt,0.7872,1.0
17.txt,140.txt,0.2963,0.0
17.txt,154.txt,0.8751,1.0
17.txt,141.txt,0.196,0.0
17.txt,120.txt,0.5121,0.0
17.txt,142.txt,0.441,0.0
17.txt,152.txt,0.441,0.0
17.txt,124.txt,0.2557,0.0
17.txt,148.txt,0.5016,1.0
17.txt,123.txt,0.2282,0.0
17.txt,117.txt,0.6649,1.0
17.txt,122.txt,0.4826,0.0
17.txt,138.txt,0.3571,1.0
17.txt,155.txt,0.4243,0.0
17.txt,150.txt,0.4261,0.0
17.txt,118.txt,0.7244,0.0
17.txt,156.txt,0.7244,0.0
17.txt,136.txt,0.9537,1.0
17.txt,149.txt,0.7244,0.0
17.txt,114.txt,0.9179,1.0
19.txt,147.txt,0.2097,0.0
19.txt,153.txt,0.3233,0.0
19.txt,116.txt,0.8095,1.0
19.txt,134.txt,0.3948,0.0
19.txt,159.txt,0.3027,0.0
19.txt,145.txt,1.0,1.0
19.txt,146.txt,0.3772,0.0
19.txt,158.txt,0.134,0.0
19.txt,132.txt,0.9727,1.0
19.txt,140.txt,0.2628,0.0
19.txt,154.txt,0.8915,1.0
19.txt,141.txt,0.1629,0.0
19.txt,120.txt,0.4978,0.0
19.txt,142.txt,0.5402,0.0
19.txt,152.txt,0.5402,0.0
19.txt,124.txt,0.1957,0.0
19.txt,148.txt,0.5205,0.0
19.txt,123.txt,0.1747,0.0
19.txt,117.txt,0.537,0.0
19.txt,122.txt,0.3122,0.0
19.txt,138.txt,0.3889,0.0
19.txt,155.txt,0.2975,0.0
19.txt,150.txt,0.2987,0.0
19.txt,118.txt,0.5719,0.0
19.txt,156.txt,0.5079,0.0
19.txt,136.txt,0.8926,1.0
19.txt,149.txt,0.6436,0.0
19.txt,114.txt,0.793,1.0
14.txt,147.txt,0.1805,0.0
14.txt,153.txt,0.2716,0.0
14.txt,116.txt,0.7876,1.0
14.txt,134.txt,0.982,1.0
14.txt,159.txt,0.8408,1.0
14.txt,145.txt,0.8399,1.0
14.txt,146.txt,0.3708,0.0
14.txt,158.txt,0.1312,0.0
14.txt,132.txt,0.817,1.0
14.txt,140.txt,0.8445,0.0
14.txt,154.txt,0.8193,1.0
14.txt,141.txt,0.8445,0.0
14.txt,120.txt,0.4811,0.0
14.txt,142.txt,0.5221,0.0
14.txt,152.txt,0.5221,0.0
14.txt,124.txt,0.2307,0.0
14.txt,148.txt,0.8408,1.0
14.txt,123.txt,0.205,0.0
14.txt,117.txt,1.0,1.0
14.txt,122.txt,0.4898,0.0
14.txt,138.txt,0.7299,1.0
14.txt,155.txt,0.8445,0.0
14.txt,150.txt,0.8445,0.0
14.txt,118.txt,0.8778,0.0
14.txt,156.txt,0.8778,0.0
14.txt,136.txt,0.7728,1.0
14.txt,149.txt,0.8778,0.0
14.txt,114.txt,0.8593,1.0
24.txt,147.txt,0.1636,0.0
24.txt,153.txt,0.3162,0.0
24.txt,116.txt,1.0,1.0
24.txt,134.txt,0.5126,0.0
24.txt,159.txt,0.393,0.0
24.txt,145.txt,1.0,1.0
24.txt,146.txt,0.3184,0.0
24.txt,158.txt,0.1258,0.0
24.txt,132.txt,0.8237,1.0
24.txt,140.txt,0.439,0.0
24.txt,154.txt,1.0,1.0
24.txt,141.txt,0.2362,0.0
24.txt,120.txt,0.5082,0.0
24.txt,142.txt,0.3363,0.0
24.txt,152.txt,0.3363,0.0
24.txt,124.txt,0.2042,0.0
24.txt,148.txt,0.4877,0.0
24.txt,123.txt,0.1823,0.0
24.txt,117.txt,0.6479,0.0
24.txt,122.txt,0.3116,0.0
24.txt,138.txt,0.4729,0.0
24.txt,155.txt,0.3581,0.0
24.txt,150.txt,0.3927,0.0
24.txt,118.txt,0.6038,0.0
24.txt,156.txt,0.6038,0.0
24.txt,136.txt,1.0,1.0
24.txt,149.txt,0.6038,0.0
24.txt,114.txt,0.9109,1.0
29.txt,147.txt,0.2091,0.0
29.txt,153.txt,0.2956,0.0
29.txt,116.txt,0.3613,1.0
29.txt,134.txt,0.9216,1.0
29.txt,159.txt,0.8452,1.0
29.txt,145.txt,0.4202,1.0
29.txt,146.txt,0.3191,0.0
29.txt,158.txt,0.2091,0.0
29.txt,132.txt,0.4523,1.0
29.txt,140.txt,0.3283,0.0
29.txt,154.txt,0.498,1.0
29.txt,141.txt,0.4207,0.0
29.txt,120.txt,0.7871,0.0
29.txt,142.txt,0.7602,0.0
29.txt,152.txt,0.7852,0.0
29.txt,124.txt,0.2203,0.0
29.txt,148.txt,0.9773,1.0
29.txt,123.txt,0.221,0.0
29.txt,117.txt,0.877,1.0
29.txt,122.txt,0.3061,0.0
29.txt,138.txt,0.8689,1.0
29.txt,155.txt,0.2878,0.0
29.txt,150.txt,0.3862,0.0
29.txt,118.txt,0.4145,0.0
29.txt,156.txt,0.4207,0.0
29.txt,136.txt,0.4337,1.0
29.txt,149.txt,0.4207,0.0
29.txt,114.txt,0.5177,1.0
1.txt,147.txt,1.0,1.0
1.txt,153.txt,0.345,1.0
1.txt,116.txt,0.3988,0.0
1.txt,134.txt,0.4952,0.0
1.txt,159.txt,0.3796,0.0
1.txt,145.txt,0.3748,0.0
1.txt,146.txt,0.345,1.0
1.txt,158.txt,1.0,1.0
1.txt,132.txt,0.3813,0.0
1.txt,140.txt,0.3269,0.0
1.txt,154.txt,0.3868,0.0
1.txt,141.txt,0.4076,0.0
1.txt,120.txt,0.6218,0.0
1.txt,142.txt,0.6005,0.0
1.txt,152.txt,0.6202,0.0
1.txt,124.txt,0.345,1.0
1.txt,148.txt,0.3722,0.0
1.txt,123.txt,0.9606,1.0
1.txt,117.txt,0.3642,0.0
1.txt,122.txt,0.9717,1.0
1.txt,138.txt,0.2458,0.0
1.txt,155.txt,0.3269,0.0
1.txt,150.txt,0.3269,0.0
1.txt,118.txt,0.3547,0.0
1.txt,156.txt,0.4076,0.0
1.txt,136.txt,0.3988,0.0
1.txt,149.txt,0.4076,0.0
1.txt,114.txt,0.409,0.0
20.txt,147.txt,0.2003,0.0
20.txt,153.txt,0.3141,0.0
20.txt,116.txt,0.9932,1.0
20.txt,134.txt,0.571,1.0
20.txt,159.txt,0.4378,1.0
20.txt,145.txt,0.9932,1.0
20.txt,146.txt,0.3709,0.0
20.txt,158.txt,0.1381,0.0
20.txt,132.txt,0.9039,1.0
20.txt,140.txt,0.2684,0.0
20.txt,154.txt,0.9932,1.0
20.txt,141.txt,0.1513,0.0
20.txt,120.txt,0.5579,0.0
20.txt,142.txt,0.5147,0.0
20.txt,152.txt,0.5147,0.0
20.txt,124.txt,0.1612,0.0
20.txt,148.txt,0.4832,1.0
20.txt,123.txt,0.1439,0.0
20.txt,117.txt,0.611,1.0
20.txt,122.txt,0.2848,0.0
20.txt,138.txt,0.3611,1.0
20.txt,155.txt,0.2831,0.0
20.txt,150.txt,0.2843,0.0
20.txt,118.txt,0.5832,0.0
20.txt,156.txt,0.4834,0.0
20.txt,136.txt,0.9932,1.0
20.txt,149.txt,0.5975,0.0
20.txt,114.txt,1.0,1.0
18.txt,147.txt,0.2339,0.0
18.txt,153.txt,0.3233,0.0
18.txt,116.txt,1.0,1.0
18.txt,134.txt,1.0,1.0
18.txt,159.txt,0.7667,1.0
18.txt,145.txt,1.0,1.0
18.txt,146.txt,0.3772,0.0
18.txt,158.txt,0.2339,0.0
18.txt,132.txt,0.9727,1.0
18.txt,140.txt,0.6074,0.0
18.txt,154.txt,0.8915,1.0
18.txt,141.txt,0.6074,0.0
18.txt,120.txt,0.4544,0.0
18.txt,142.txt,0.3659,0.0
18.txt,152.txt,0.3659,0.0
18.txt,124.txt,0.1486,0.0
18.txt,148.txt,0.7517,1.0
18.txt,123.txt,0.2247,0.0
18.txt,117.txt,0.7355,1.0
18.txt,122.txt,0.506,0.0
18.txt,138.txt,0.4963,1.0
18.txt,155.txt,0.6074,0.0
18.txt,150.txt,0.6074,0.0
18.txt,118.txt,0.7974,0.0
18.txt,156.txt,0.7974,0.0
18.txt,136.txt,1.0,1.0
18.txt,149.txt,0.7974,0.0
18.txt,114.txt,0.8145,1.0
23.txt,147.txt,0.2097,0.0
23.txt,153.txt,0.3233,0.0
23.txt,116.txt,1.0,1.0
23.txt,134.txt,0.5515,1.0
23.txt,159.txt,0.4228,1.0
23.txt,145.txt,1.0,1.0
23.txt,146.txt,0.3986,0.0
23.txt,158.txt,0.1381,0.0
23.txt,132.txt,0.9727,1.0
23.txt,140.txt,0.5224,0.0
23.txt,154.txt,0.9534,1.0
23.txt,141.txt,0.2811,0.0
23.txt,120.txt,0.5579,0.0
23.txt,142.txt,0.2454,0.0
23.txt,152.txt,0.3473,0.0
23.txt,124.txt,0.2557,0.0
23.txt,148.txt,0.5205,1.0
23.txt,123.txt,0.2282,0.0
23.txt,117.txt,0.671,1.0
23.txt,122.txt,0.3901,0.0
23.txt,138.txt,0.4897,1.0
23.txt,155.txt,0.4261,0.0
23.txt,150.txt,0.4673,0.0
23.txt,118.txt,0.6965,0.0
23.txt,156.txt,0.679,0.0
23.txt,136.txt,0.8926,1.0
23.txt,149.txt,0.679,0.0
23.txt,114.txt,1.0,1.0
25.txt,147.txt,0.1943,0.0
25.txt,153.txt,0.3162,0.0
25.txt,116.txt,1.0,1.0
25.txt,134.txt,0.5693,1.0
25.txt,159.txt,0.4365,1.0
25.txt,145.txt,1.0,1.0
25.txt,146.txt,0.3598,0.0
25.txt,158.txt,0.1331,0.0
25.txt,132.txt,0.8768,1.0
25.txt,140.txt,0.2655,0.0
25.txt,154.txt,1.0,1.0
25.txt,141.txt,0.1429,0.0
25.txt,120.txt,0.5374,0.0
25.txt,142.txt,0.438,0.0
25.txt,152.txt,0.438,0.0
25.txt,124.txt,0.1529,0.0
25.txt,148.txt,0.4641,1.0
25.txt,123.txt,0.1365,0.0
25.txt,117.txt,0.6151,1.0
25.txt,122.txt,0.284,0.0
25.txt,138.txt,0.3448,1.0
25.txt,155.txt,0.2597,0.0
25.txt,150.txt,0.2608,0.0
25.txt,118.txt,0.5872,0.0
25.txt,156.txt,0.4433,0.0
25.txt,136.txt,1.0,1.0
25.txt,149.txt,0.5796,0.0
25.txt,114.txt,0.9632,1.0
26.txt,147.txt,0.1709,0.0
26.txt,153.txt,0.2054,0.0
26.txt,116.txt,0.368,1.0
26.txt,134.txt,0.9338,1.0
26.txt,159.txt,0.9338,1.0
26.txt,145.txt,0.4595,1.0
26.txt,146.txt,0.257,0.0
26.txt,158.txt,0.1139,0.0
26.txt,132.txt,0.337,1.0
26.txt,140.txt,0.6109,0.0
26.txt,154.txt,0.4216,1.0
26.txt,141.txt,0.4755,0.0
26.txt,120.txt,0.4862,0.0
26.txt,142.txt,0.4875,0.0
26.txt,152.txt,0.4875,0.0
26.txt,124.txt,0.1985,0.0
26.txt,148.txt,0.9773,1.0
26.txt,123.txt,0.1763,0.0
26.txt,117.txt,0.7685,1.0
26.txt,122.txt,0.3348,0.0
26.txt,138.txt,0.7519,1.0
26.txt,155.txt,0.4983,0.0
26.txt,150.txt,0.5464,0.0
26.txt,118.txt,0.5554,0.0
26.txt,156.txt,0.4755,0.0
26.txt,136.txt,0.4743,1.0
26.txt,149.txt,0.4755,0.0
26.txt,114.txt,0.3932,1.0
22.txt,147.txt,0.1352,0.0
22.txt,153.txt,0.2248,0.0
22.txt,116.txt,0.5865,1.0
22.txt,134.txt,1.0,1.0
22.txt,159.txt,1.0,1.0
22.txt,145.txt,0.6847,1.0
22.txt,146.txt,0.2995,0.0
22.txt,158.txt,0.1337,0.0
22.txt,132.txt,0.5022,1.0
22.txt,140.txt,0.4584,0.0
22.txt,154.txt,0.6283,1.0
22.txt,141.txt,0.2466,0.0
22.txt,120.txt,0.2807,0.0
22.txt,142.txt,0.2493,0.0
22.txt,152.txt,0.2833,0.0
22.txt,124.txt,0.1489,0.0
22.txt,148.txt,1.0,1.0
22.txt,123.txt,0.1323,0.0
22.txt,117.txt,1.0,1.0
22.txt,122.txt,0.4988,0.0
22.txt,138.txt,0.7957,1.0
22.txt,155.txt,0.3739,0.0
22.txt,150.txt,0.457,0.0
22.txt,118.txt,0.5265,0.0
22.txt,156.txt,0.4027,0.0
22.txt,136.txt,0.7068,1.0
22.txt,149.txt,0.4619,0.0
22.txt,114.txt,0.5859,1.0
7.txt,147.txt,0.2769,0.0
7.txt,153.txt,0.4212,0.0
7.txt,116.txt,0.3143,0.0
7.txt,134.txt,0.3776,0.0
7.txt,159.txt,0.3776,0.0
7.txt,145.txt,0.4172,0.0
7.txt,146.txt,0.4548,0.0
7.txt,158.txt,0.2552,0.0
7.txt,132.txt,0.6446,0.0
7.txt,140.txt,0.2128,0.0
7.txt,154.txt,0.3941,0.0
7.txt,141.txt,0.3073,0.0
7.txt,120.txt,1.0,1.0
7.txt,142.txt,1.0,1.0
7.txt,152.txt,1.0,1.0
7.txt,124.txt,0.243,0.0
7.txt,148.txt,0.4823,0.0
7.txt,123.txt,0.2526,0.0
7.txt,117.txt,0.2843,0.0
7.txt,122.txt,0.3802,0.0
7.txt,138.txt,0.2417,0.0
7.txt,155.txt,0.2128,0.0
7.txt,150.txt,0.2128,0.0
7.txt,118.txt,0.293,0.0
7.txt,156.txt,0.3146,0.0
7.txt,136.txt,0.3494,0.0
7.txt,149.txt,0.3073,0.0
7.txt,114.txt,0.6577,0.0
6.txt,147.txt,0.3934,1.0
6.txt,153.txt,1.0,1.0
6.txt,116.txt,0.2452,0.0
6.txt,134.txt,0.2269,0.0
6.txt,159.txt,0.1739,0.0
6.txt,145.txt,0.1656,0.0
6.txt,146.txt,1.0,1.0
6.txt,158.txt,0.3838,1.0
6.txt,132.txt,0.1922,0.0
6.txt,140.txt,0.2238,0.0
6.txt,154.txt,0.1707,0.0
6.txt,141.txt,0.3252,0.0
6.txt,120.txt,0.3226,0.0
6.txt,142.txt,0.3116,0.0
6.txt,152.txt,0.3218,0.0
6.txt,124.txt,1.0,1.0
6.txt,148.txt,0.1868,0.0
6.txt,123.txt,0.4171,1.0
6.txt,117.txt,0.1668,0.0
6.txt,122.txt,0.8571,1.0
6.txt,138.txt,0.216,0.0
6.txt,155.txt,0.1685,0.0
6.txt,150.txt,0.1936,0.0
6.txt,118.txt,0.1474,0.0
6.txt,156.txt,0.3252,0.0
6.txt,136.txt,0.1763,0.0
6.txt,149.txt,0.3252,0.0
6.txt,114.txt,0.2122,0.0
16.txt,147.txt,0.1584,0.0
16.txt,153.txt,0.2059,0.0
16.txt,116.txt,0.425,1.0
16.txt,134.txt,1.0,1.0
16.txt,159.txt,1.0,1.0
16.txt,145.txt,0.5308,1.0
16.txt,146.txt,0.2382,0.0
16.txt,158.txt,0.1036,0.0
16.txt,132.txt,0.3903,1.0
16.txt,140.txt,0.3019,0.0
16.txt,154.txt,0.487,1.0
16.txt,141.txt,0.224,0.0
16.txt,120.txt,0.3922,0.0
16.txt,142.txt,0.4256,0.0
16.txt,152.txt,0.4256,0.0
16.txt,124.txt,0.0949,0.0
16.txt,148.txt,1.0,1.0
16.txt,123.txt,0.0871,0.0
16.txt,117.txt,0.8275,1.0
16.txt,122.txt,0.3867,0.0
16.txt,138.txt,0.9541,1.0
16.txt,155.txt,0.3405,0.0
16.txt,150.txt,0.457,0.0
16.txt,118.txt,0.4081,0.0
16.txt,156.txt,0.2039,0.0
16.txt,136.txt,0.5479,1.0
16.txt,149.txt,0.3739,0.0
16.txt,114.txt,0.4541,1.0
2.txt,147.txt,0.974,1.0
2.txt,153.txt,1.0,1.0
2.txt,116.txt,0.334,0.0
2.txt,134.txt,0.3075,0.0
2.txt,159.txt,0.2357,0.0
2.txt,145.txt,0.3139,0.0
2.txt,146.txt,1.0,1.0
2.txt,158.txt,0.974,1.0
2.txt,132.txt,0.2143,0.0
2.txt,140.txt,0.1844,0.0
2.txt,154.txt,0.2501,0.0
2.txt,141.txt,0.2506,0.0
2.txt,120.txt,0.3489,0.0
2.txt,142.txt,0.337,0.0
2.txt,152.txt,0.3481,0.0
2.txt,124.txt,1.0,1.0
2.txt,148.txt,0.2311,0.0
2.txt,123.txt,1.0,1.0
2.txt,117.txt,0.2261,0.0
2.txt,122.txt,1.0,1.0
2.txt,138.txt,0.1526,0.0
2.txt,155.txt,0.1844,0.0
2.txt,150.txt,0.1844,0.0
2.txt,118.txt,0.2094,0.0
2.txt,156.txt,0.2506,0.0
2.txt,136.txt,0.334,0.0
2.txt,149.txt,0.2506,0.0
2.txt,114.txt,0.2295,0.0
28.txt,147.txt,0.267,0.0
28.txt,153.txt,0.229,0.0
28.txt,116.txt,0.6593,0.0
28.txt,134.txt,0.6139,0.0
28.txt,159.txt,0.3369,0.0
28.txt,145.txt,0.6773,0.0
28.txt,146.txt,0.4224,0.0
28.txt,158.txt,0.2605,0.0
28.txt,132.txt,0.444,0.0
28.txt,140.txt,1.0,1.0
28.txt,154.txt,0.7077,0.0
28.txt,141.txt,1.0,1.0
28.txt,120.txt,0.564,0.0
28.txt,142.txt,0.5447,0.0
28.txt,152.txt,0.5626,0.0
28.txt,124.txt,0.196,0.0
28.txt,148.txt,0.4176,0.0
28.txt,123.txt,0.2831,0.0
28.txt,117.txt,0.2668,0.0
28.txt,122.txt,0.2831,0.0
28.txt,138.txt,0.3295,0.0
28.txt,155.txt,1.0,1.0
28.txt,150.txt,1.0,1.0
28.txt,118.txt,1.0,1.0
28.txt,156.txt,1.0,1.0
28.txt,136.txt,0.175,0.0
28.txt,149.txt,1.0,1.0
28.txt,114.txt,0.3939,0.0
3.txt,147.txt,1.0,1.0
3.txt,153.txt,0.3287,1.0
3.txt,116.txt,0.2037,0.0
3.txt,134.txt,0.2289,0.0
3.txt,159.txt,0.1755,0.0
3.txt,145.txt,0.1837,0.0
3.txt,146.txt,0.3287,1.0
3.txt,158.txt,1.0,1.0
3.txt,132.txt,0.1657,0.0
3.txt,140.txt,0.153,0.0
3.txt,154.txt,0.1464,0.0
3.txt,141.txt,0.2223,0.0
3.txt,120.txt,0.2636,0.0
3.txt,142.txt,0.257,0.0
3.txt,152.txt,0.263,0.0
3.txt,124.txt,0.3287,1.0
3.txt,148.txt,0.1972,0.0
3.txt,123.txt,1.0,1.0
3.txt,117.txt,0.1684,0.0
3.txt,122.txt,1.0,1.0
3.txt,138.txt,0.2282,0.0
3.txt,155.txt,0.1431,0.0
3.txt,150.txt,0.1431,0.0
3.txt,118.txt,0.1431,0.0
3.txt,156.txt,0.2223,0.0
3.txt,136.txt,0.1955,0.0
3.txt,149.txt,0.2223,0.0
3.txt,114.txt,0.1734,0.0
12.txt,147.txt,0.3943,0.0
12.txt,153.txt,0.1715,0.0
12.txt,116.txt,0.4855,0.0
12.txt,134.txt,0.3384,0.0
12.txt,159.txt,0.1992,0.0
12.txt,145.txt,0.4563,0.0
12.txt,146.txt,0.1963,0.0
12.txt,158.txt,0.3846,0.0
12.txt,132.txt,0.2625,0.0
12.txt,140.txt,0.6882,1.0
12.txt,154.txt,0.3635,0.0
12.txt,141.txt,1.0,1.0
12.txt,120.txt,0.3884,0.0
12.txt,142.txt,0.4072,0.0
12.txt,152.txt,0.4072,0.0
12.txt,124.txt,0.1438,0.0
12.txt,148.txt,0.2942,0.0
12.txt,123.txt,0.418,0.0
12.txt,117.txt,0.2112,0.0
12.txt,122.txt,0.418,0.0
12.txt,138.txt,0.1755,0.0
12.txt,155.txt,0.5181,1.0
12.txt,150.txt,0.5954,1.0
12.txt,118.txt,0.3643,1.0
12.txt,156.txt,1.0,1.0
12.txt,136.txt,0.4855,0.0
12.txt,149.txt,1.0,1.0
12.txt,114.txt,0.262,0.0
